number_iter,hyper_parameters,test_accuracy
1,{'lr': 0.0017994832040660034},0.8752
2,{'lr': 0.0033527278713311125},0.8865
3,{'lr': 0.002684650516815347},0.8876
