number_iter,hyper_parameters,test_accuracy
1,{'lr': 0.006883022841680607},0.8799
2,{'lr': 0.0024674571904555074},0.8619
3,{'lr': 0.0034321719361196444},0.8738
