number_iter,hyper_parameters,test_accuracy
1,{'lr': 0.006187225094310868},0.8818
2,{'lr': 0.008769370031341386},0.8756
