number_iter,hyper_parameters,test_accuracy
1,{'lr': 0.0036190521980868006},0.8801
2,{'lr': 0.009761045603098536},0.8754
3,{'lr': 0.006513470863417858},0.8692
