number_iter,hyper_parameters,test_accuracy
1,{'lr': 0.5},0.34886666666666666
2,{'lr': 0.55},0.10000000000000002
